{
    "success":true,
    "total":14, 
    "records": [
    {
        "id": "1",
        "firstName": "Carlos",
        "lastName": "Mendez",
        "twitter_account": "@cmendez21",
        "active": 1
    }, {
        "id": "2",
        "firstName": "Armando",
        "lastName": "Gonzalez",
        "twitter_account": "@manduks",
        "active": 0
    }, {
        "id": "3",
        "firstName": "Crysfel",
        "lastName": "Villa",
        "twitter_account": "@crysfel",
        "active": 1
    }, {
		"id": "4",
        "firstName": "Tommy",
        "lastName": "Maintz",
        "twitter_account": "@tmaintz",
        "active": 1
    }, {
		"id": "5",
        "firstName": "Ed",
        "lastName": "Spencer",
        "twitter_account": "@edspencer",
        "active": 0
    }, {
		"id": "6",
        "firstName": "Jamie",
        "lastName": "Avins",
        "twitter_account": "@jamieavins",
        "active": 1
    }, {
		"id": "7",
        "firstName": "Aaron",
        "lastName": "Conran",
        "twitter_account": "@aconran",
        "active": 0
    }, {
		"id": "8",
        "firstName": "Jozef",
        "lastName": "Sakalos",
        "twitter_account": "@jsakalos",
        "active": 1
    }, {
		"id": "9",
        "firstName": "Jack",
        "lastName": "Slocum",
        "twitter_account": "@jackslocum",
        "active": 0
    }, {
		"id": "10",
        "firstName": "Jacky",
        "lastName": "Nguyen",
        "twitter_account": "@nktpro",
        "active": 1
    }, {
		"id": "11",
        "firstName": "Ernesto",
        "lastName": "Ram\u00EDrez",
        "twitter_account": "@_ErnestoR",
        "active": 0
    }, {
		"id": "12",
        "firstName": "Darrell",
        "lastName": "Meyer",
        "twitter_account": "@darrellmeyer",
        "active": 1
    },{
		"id": "13",
        "firstName": "Don",
        "lastName": "Griffin",
        "twitter_account": "@dongryphon",
        "active": 1
    },{
		"id": "14",
        "firstName": "Michael ",
        "lastName": "Mullany",
        "twitter_account": "@mmullany",
        "active": 0
    }]
}