{
  "success" :"true",
  "id":"id",
  "records":[
		{ 
			"id": 10001,
			"name": "Acme corp2",
			"phone": "+52-01-55-4444-3210",
			"website": "www.acmecorp.com",
			"status": "Active",
			"clientSince": "2010-01-01 14:35", 
			"contractInfo":{
				"id":444, 
				"contractId":"ct-001-444", 
				"documentType":"PDF" 
			}
		},{
			"id": 10002,
			"name": "Candy Store LTD",
			"phone": "+52-01-66-3333-3895",
			"website": "www.candyworld.com",
			"status": "Active",
			"clientSince": "2011-01-01 14:35", 
			"contractInfo":{
				"id":9998, 
				"contractId":"ct-001-9998", 
				"documentType":"DOCX" 
			}
		}
	]
}