{
	"success" :"true",
	"id":"id",
	"output":{
		"appRecords":[
			{
				id:'1',
				type:'1',
				value:'My app, version 1.0.1'	
			},{
				id:'2',
				type:'1',
				value:'Visit support here: www.demo.com'	
			}		
		],
		"customerRecords":[
			{ 
				"id": 10001,
				"name": "Acme corp2",
				"phone": "+52-01-55-4444-3210",
				"website": "www.acmecorp.com",
				"status": "Active",
				"clientSince": "2010-01-01 14:35", 
				"contractInfo":{
				"id":444, 
				"contractId":"ct-001-444", 
				"documentType":"PDF"
			},{
				"id": 10002,
				"name": "Candy Store LTD",
				"phone": "+52-01-66-3333-3895",
				"website": "www.candyworld.com",
				"status": "Active",
				"clientSince": "2011-01-01 14:35", 
				"contractInfo":{
				"id":9998, 
				"contractId":"ct-001-9998", 
				"documentType":"DOCX" 
			}
		]
	}
}