{
	"text": "My app",
	"expanded": true,
	"allowaccess":true,
	"description":"Main application",
	"level":1,
	"children": [
		{
			"text": "Modules",
			"expanded": true,
			"allowaccess":false,
			"description":"Main modules for administrate information",
			"level":2,
			"children": [
				{
					"leaf": true,
					"text": "Employees",
					"allowaccess":false,
					"description":"Employee administration",
					"level":3
				}, {
					"leaf": true,
					"text": "Customers",
					"allowaccess":false,
					"description":"Customer administration",
					"level":3
				}, {
					"leaf": true,
					"text": "Products",
					"allowaccess":false,
					"description":"Products administration",
					"level":3
				}
			]
		}, {
			"text": "Marketing",
			"expanded": true,
			"allowaccess":false,
			"description":"Marketing modules",
			"level":2,
			"children": [
				{
					"leaf": true,
					"text": "Sales",
					"allowaccess":false,
					"description":"Sales administration",
					"level":3
				}, {
					"leaf": true,
					"text": "Budgets",
					"allowaccess":false,
					"description":"Budgets administration",					
					"level":3
				}, {
					"leaf": true,
					"text": "SEO",
					"allowaccess":false,
					"description":"SEO administration",					
					"level":3
				}, {
					"leaf": true,
					"text": "Statistics",
					"allowaccess":false,
					"description":"Statistics generator",
					"level":3
				}
			]
		}, {
			"text": "Support",
			"iconCls": "help-16",
			"description":"Support modules",
			"level":2,
			"children": [
				{
					"leaf": true,
					"text": "Submit a ticket",
					"allowaccess":false,
					"description":"Submit support tickets",
					"level":3
				}, {
					"leaf": true,
					"text": "Forum",
					"allowaccess":false,
					"description":"Go to Forum",					
					"level":3
				}, {
					"leaf": true,
					"text": "Visit our web site",
					"allowaccess":false,
					"description":"Go to website",	
					"level":3
				}
			]
		}, {
			"leaf": true,
			"text": "Reports",
			"allowaccess":false,
			"description":"Generate reports",	
			"level":2
		}, {
			"leaf": true,
			"text": "Charts",
			"allowaccess":false,
			"description":"Generate charts",				
			"level":2
		}
	]
}