{
  "success" :"true",
  "id":"id",
  "records":[
		{ 
			"id": 10001,
			"name": "Acme corp2",
			"phone": "+52-01-55-4444-3210",
			"website": "www.acmecorp.com",
			"status": "Active",
			"clientSince": "2010-01-01 14:35", 
			"country":"USA", 
			"sendnews": true, 
			"employees":200, 
			"contractInfo":{
				"id":444, 
				"contractId":"ct-001-444", 
				"documentType":"PDF" 
			}
		},{
			"id": 10002,
			"name": "Candy Store LTD",
			"phone": "+52-01-66-3333-3895",
			"website": "www.candyworld.com",
			"status": "Inactive",
			"clientSince": "2011-01-01 14:35", 
			"country":"USA", 
			"sendnews": false, 
			"employees":75,				
			"contractInfo":{
				"id":9998, 
				"contractId":"ct-001-9998", 
				"documentType":"DOC" 
			}
		},{ 
			"id": 10003,
			"name": "Modern Cars of America",
			"phone": "+52-01-55-4444-8885",
			"website": "www.coolcars.com",
			"status": "Suspended",
			"clientSince": "2013-01-01 14:35", 
			"country":"Mexico", 
			"employees":100,
			"sendnews": true, 			
			"contractInfo":{
				"id":10458, 
				"contractId":"ct-001-10458", 
				"documentType":"TXT" 
			}
		},{ 
			"id": 10004,
			"name": "Extreme Sports Los Cabos",
			"phone": "+52-01-33-1234-2345",
			"website": "www.loscabosextremesports.com",
			"status": "Prospect",			
			"clientSince": "2014-01-01 14:35", 
			"country":"Mexico", 
			"employees":30,
			"sendnews": false, 						
			"contractInfo":{
				"id":10666, 
				"contractId":"ct-001-10666", 
				"documentType":"PDF" 
			}
		}
	]
}